orig_lon,orig_lat,dest_long,dest_lat,count
-75.44080353,40.65209961,-84.428101,33.6367,1676.0
-106.609001,35.040199,-84.428101,33.6367,9181.0
-106.609001,35.040199,-93.221802,44.882,3310.0
-106.609001,35.040199,-111.9779968,40.78839874,1238.0
-81.96450043,33.36989975,-84.428101,33.6367,4981.0
-81.96450043,33.36989975,-73.87259674,40.77719879,7.0
-73.80169678,42.74829865,-84.428101,33.6367,6531.0
-73.80169678,42.74829865,-83.35340118,42.21239853,1005.0
-73.80169678,42.74829865,-93.221802,44.882,802.0
-149.9960022,61.17440033,-84.428101,33.6367,743.0
-149.9960022,61.17440033,-83.35340118,42.21239853,127.0
-149.9960022,61.17440033,-118.4079971,33.94250107,32.0
-149.9960022,61.17440033,-93.221802,44.882,5997.0
-149.9960022,61.17440033,-122.5979996,45.58869934,60.0
-149.9960022,61.17440033,-122.308998,47.449001,6107.0
-149.9960022,61.17440033,-111.9779968,40.78839874,2608.0
-84.428101,33.6367,-75.44080353,40.65209961,1672.0
-84.428101,33.6367,-106.609001,35.040199,9216.0
-84.428101,33.6367,-81.96450043,33.36989975,4979.0
-84.428101,33.6367,-73.80169678,42.74829865,6548.0
-84.428101,33.6367,-149.9960022,61.17440033,744.0
-84.428101,33.6367,-88.51909637,44.2580986,1543.0
-84.428101,33.6367,-97.66989899,30.19449997,21377.0
-84.428101,33.6367,-82.54180145,35.43619919,3620.0
-84.428101,33.6367,-75.7233963,41.33850098,1316.0
-84.428101,33.6367,-72.68319702,41.93889999,21763.0
-84.428101,33.6367,-86.75350189,33.56290054,24468.0
-84.428101,33.6367,-108.5429993,45.80770111,11.0
-84.428101,33.6367,-88.91590118,40.47710037,692.0
-84.428101,33.6367,-86.67819977,36.12450027,28820.0
-84.428101,33.6367,-116.223,43.5644,9.0
-84.428101,33.6367,-71.00520325,42.36429977,38883.0
-84.428101,33.6367,-91.149597,30.533199,2148.0
-84.428101,33.6367,-73.15329742,44.47190094,1122.0
-84.428101,33.6367,-78.73220062,42.94049835,16980.0
-84.428101,33.6367,-76.668297,39.1754,37682.0
-84.428101,33.6367,-111.1529999,45.77750015,800.0
-84.428101,33.6367,-81.11949921,33.93880081,9624.0
-84.428101,33.6367,-81.44219971,40.91609955,7915.0
-84.428101,33.6367,-85.20379639,35.03530121,4223.0
-84.428101,33.6367,-78.45290375,38.1385994,1512.0
-84.428101,33.6367,-80.04049683,32.89860153,31554.0
-84.428101,33.6367,-91.71080017,41.88470078,757.0
-84.428101,33.6367,-81.84980011,41.4117012,15437.0
-84.428101,33.6367,-80.94309998,35.2140007,33678.0
-84.428101,33.6367,-82.891899,39.998001,24677.0
-84.428101,33.6367,-104.700996,38.805801,3507.0
-84.428101,33.6367,-81.59320068,38.37310028,1977.0
-84.428101,33.6367,-84.6678009,39.04880142,22855.0
-84.428101,33.6367,-81.058098,29.179899,14581.0
-84.428101,33.6367,-96.851799,32.847099,6787.0
-84.428101,33.6367,-84.2193985,39.90240097,14450.0
-84.428101,33.6367,-77.037697,38.8521,47884.0
-84.428101,33.6367,-104.6729965,39.86169815,27172.0
-84.428101,33.6367,-97.038002,32.896801,38364.0
-84.428101,33.6367,-93.6631012,41.5340004,5822.0
-84.428101,33.6367,-83.35340118,42.21239853,36509.0
-84.428101,33.6367,-85.795414,30.357106,13370.0
-84.428101,33.6367,-106.9179993,39.64260101,1003.0
-84.428101,33.6367,-106.3779984,31.80719948,6991.0
-84.428101,33.6367,-87.53240204,38.03699875,1456.0
-84.428101,33.6367,-74.16870117,40.69250107,34828.0
-84.428101,33.6367,-81.75959778,24.55610085,8426.0
-84.428101,33.6367,-96.81580353,46.92070007,5.0
-84.428101,33.6367,-78.88030243,34.99119949,2921.0
-84.428101,33.6367,-114.2559967,48.3105011,157.0
-84.428101,33.6367,-80.152702,26.072599,47742.0
-84.428101,33.6367,-83.74359894,42.9654007,7627.0
-84.428101,33.6367,-96.74189758,43.58200073,1056.0
-84.428101,33.6367,-117.5339966,47.61989975,11.0
-84.428101,33.6367,-82.27179718,29.69009972,1569.0
-84.428101,33.6367,-89.07009888,30.40730095,8985.0
-84.428101,33.6367,-88.12960052,44.48509979,439.0
-84.428101,33.6367,-85.52279663,42.88079834,9897.0
-84.428101,33.6367,-79.93730164,36.09780121,16361.0
-84.428101,33.6367,-82.21890259,34.89569855,14050.0
-84.428101,33.6367,-106.9329987,38.53390121,28.0
-84.428101,33.6367,-107.2180023,40.48120117,942.0
-84.428101,33.6367,-157.924228,21.32062,3363.0
-84.428101,33.6367,-95.27890015,29.64539909,12324.0
-84.428101,33.6367,-73.70760345,41.06700134,516.0
-84.428101,33.6367,-86.77510071,34.6371994,14544.0
-84.428101,33.6367,-77.45580292,38.94449997,22153.0
-84.428101,33.6367,-95.34140015,29.9843998,21319.0
-84.428101,33.6367,-97.433098,37.649899,5242.0
-84.428101,33.6367,-77.90260315,34.27059937,2332.0
-84.428101,33.6367,-86.294403,39.7173,27018.0
-84.428101,33.6367,-110.737999,43.6072998,919.0
-84.428101,33.6367,-90.07589722,32.31119919,13976.0
-84.428101,33.6367,-81.68789673,30.49410057,41739.0
-84.428101,33.6367,-73.77890015,40.63980103,21940.0
-84.428101,33.6367,-115.1520004,36.08010101,27746.0
-84.428101,33.6367,-118.4079971,33.94250107,37776.0
-84.428101,33.6367,-84.60590363,38.03649902,6263.0
-84.428101,33.6367,-91.98760223,30.20529938,1602.0
-84.428101,33.6367,-73.87259674,40.77719879,54172.0
-84.428101,33.6367,-92.22429657,34.72940063,14830.0
-84.428101,33.6367,-94.713898,39.2976,26262.0
-84.428101,33.6367,-81.30899811,28.42939949,56185.0
-84.428101,33.6367,-76.76339722,40.19350052,4984.0
-84.428101,33.6367,-87.752403,41.785999,21353.0
-84.428101,33.6367,-89.97669983,35.04240036,29392.0
-84.428101,33.6367,-86.39399719,32.30059814,9.0
-84.428101,33.6367,-71.435699,42.932598,3687.0
-84.428101,33.6367,-80.29060364,25.79319954,39039.0
-84.428101,33.6367,-87.89659882,42.94720078,21224.0
-84.428101,33.6367,-80.64530182,28.10280037,11961.0
-84.428101,33.6367,-90.50749969,41.44850159,178.0
-84.428101,33.6367,-88.24279785,30.69120026,3569.0
-84.428101,33.6367,-89.33750153,43.13990021,5043.0
-84.428101,33.6367,-114.0910034,46.91630173,83.0
-84.428101,33.6367,-93.221802,44.882,39240.0
-84.428101,33.6367,-90.25800323,29.99340057,38333.0
-84.428101,33.6367,-107.8939972,38.50979996,330.0
-84.428101,33.6367,-78.92829895,33.67969894,7310.0
-84.428101,33.6367,-77.61209869,34.82920074,178.0
-84.428101,33.6367,-122.221001,37.721298,301.0
-84.428101,33.6367,-97.60070038,35.39310074,10932.0
-84.428101,33.6367,-95.894096,41.3032,10077.0
-84.428101,33.6367,-117.6009979,34.05599976,1545.0
-84.428101,33.6367,-87.9048,41.9786,33346.0
-84.428101,33.6367,-76.20120239,36.89459991,24529.0
-84.428101,33.6367,-80.09559631,26.68320084,34898.0
-84.428101,33.6367,-122.5979996,45.58869934,11580.0
-84.428101,33.6367,-76.49299622,37.13190079,3358.0
-84.428101,33.6367,-75.2410965,39.87189865,35824.0
-84.428101,33.6367,-112.012001,33.43429947,20387.0
-84.428101,33.6367,-80.23290253,40.49150085,25322.0
-84.428101,33.6367,-87.1866,30.4734,24735.0
-84.428101,33.6367,-116.5070038,33.82970047,15.0
-84.428101,33.6367,-71.420403,41.732601,8551.0
-84.428101,33.6367,-70.309303,43.646198,6179.0
-84.428101,33.6367,-78.78749847,35.87760162,39819.0
-84.428101,33.6367,-77.31970215,37.50519943,27219.0
-84.428101,33.6367,-119.7679977,39.49909973,75.0
-84.428101,33.6367,-79.975403,37.3255,2352.0
-84.428101,33.6367,-77.67240143,43.1189003,9673.0
-84.428101,33.6367,-81.75520325,26.53619957,28559.0
-84.428101,33.6367,-117.1900024,32.73360062,19064.0
-84.428101,33.6367,-98.46980286,29.53370094,24227.0
-84.428101,33.6367,-81.20210266,32.12760162,30800.0
-84.428101,33.6367,-86.31729889,41.70869827,52.0
-84.428101,33.6367,-85.736,38.1744,20277.0
-84.428101,33.6367,-122.308998,47.449001,21897.0
-84.428101,33.6367,-122.375,37.61899948,23628.0
-84.428101,33.6367,-93.38860321,37.24570084,1101.0
-84.428101,33.6367,-93.8256,32.446602,816.0
-84.428101,33.6367,-121.929001,37.362598,4606.0
-84.428101,33.6367,-66.00180054,18.43939972,14786.0
-84.428101,33.6367,-111.9779968,40.78839874,27700.0
-84.428101,33.6367,-121.5910034,38.69540024,6830.0
-84.428101,33.6367,-117.8679962,33.67570114,12702.0
-84.428101,33.6367,-82.55439758,27.39539909,20298.0
-84.428101,33.6367,-90.370003,38.748697,25244.0
-84.428101,33.6367,-64.9733963,18.33729935,6025.0
-84.428101,33.6367,-64.79859924,17.70190048,439.0
-84.428101,33.6367,-76.10630035,43.11119843,6934.0
-84.428101,33.6367,-84.35030365,30.39649963,9686.0
-84.428101,33.6367,-82.53320313,27.97550011,45714.0
-84.428101,33.6367,-82.407401,36.475201,2715.0
-84.428101,33.6367,-95.88809967,36.19839859,5865.0
-84.428101,33.6367,-110.9410019,32.11610031,6905.0
-84.428101,33.6367,-85.5821991,44.74140167,12.0
-84.428101,33.6367,-83.9940033,35.81100082,7132.0
-84.428101,33.6367,-86.525398,30.4832,11344.0
-84.428101,33.6367,-94.306801,36.281898,2708.0
-88.51909637,44.2580986,-84.428101,33.6367,1534.0
-88.51909637,44.2580986,-83.35340118,42.21239853,568.0
-88.51909637,44.2580986,-93.221802,44.882,470.0
-97.66989899,30.19449997,-84.428101,33.6367,21344.0
-97.66989899,30.19449997,-71.00520325,42.36429977,400.0
-97.66989899,30.19449997,-83.35340118,42.21239853,2864.0
-97.66989899,30.19449997,-73.77890015,40.63980103,4182.0
-97.66989899,30.19449997,-115.1520004,36.08010101,3.0
-97.66989899,30.19449997,-118.4079971,33.94250107,1748.0
-97.66989899,30.19449997,-89.97669983,35.04240036,1.0
-97.66989899,30.19449997,-93.221802,44.882,2616.0
-97.66989899,30.19449997,-122.308998,47.449001,600.0
-97.66989899,30.19449997,-111.9779968,40.78839874,2477.0
-82.54180145,35.43619919,-84.428101,33.6367,3635.0
-75.7233963,41.33850098,-84.428101,33.6367,1320.0
-85.55210114,42.23490143,-83.35340118,42.21239853,5.0
-85.55210114,42.23490143,-93.221802,44.882,1.0
-72.68319702,41.93889999,-84.428101,33.6367,21705.0
-72.68319702,41.93889999,-84.6678009,39.04880142,246.0
-72.68319702,41.93889999,-83.35340118,42.21239853,8969.0
-72.68319702,41.93889999,-80.152702,26.072599,720.0
-72.68319702,41.93889999,-115.1520004,36.08010101,7.0
-72.68319702,41.93889999,-118.4079971,33.94250107,77.0
-72.68319702,41.93889999,-81.30899811,28.42939949,1914.0
-72.68319702,41.93889999,-93.221802,44.882,6047.0
-72.68319702,41.93889999,-80.09559631,26.68320084,554.0
-72.68319702,41.93889999,-81.75520325,26.53619957,317.0
-72.68319702,41.93889999,-111.9779968,40.78839874,1.0
-72.68319702,41.93889999,-82.53320313,27.97550011,540.0
-68.82810211,44.80739975,-83.35340118,42.21239853,354.0
-68.82810211,44.80739975,-73.77890015,40.63980103,162.0
-68.82810211,44.80739975,-73.87259674,40.77719879,11.0
-86.75350189,33.56290054,-84.428101,33.6367,24466.0
-86.75350189,33.56290054,-97.038002,32.896801,1.0
-86.75350189,33.56290054,-83.35340118,42.21239853,10.0
-86.75350189,33.56290054,-93.221802,44.882,13.0
-108.5429993,45.80770111,-84.428101,33.6367,11.0
-108.5429993,45.80770111,-93.221802,44.882,4498.0
-108.5429993,45.80770111,-122.308998,47.449001,1.0
-108.5429993,45.80770111,-111.9779968,40.78839874,1779.0
-100.7460022,46.77270126,-93.221802,44.882,2886.0
-88.91590118,40.47710037,-84.428101,33.6367,693.0
-86.67819977,36.12450027,-84.428101,33.6367,28802.0
-86.67819977,36.12450027,-71.00520325,42.36429977,7.0
-86.67819977,36.12450027,-84.6678009,39.04880142,2.0
-86.67819977,36.12450027,-83.35340118,42.21239853,9913.0
-86.67819977,36.12450027,-73.77890015,40.63980103,2.0
-86.67819977,36.12450027,-115.1520004,36.08010101,2.0
-86.67819977,36.12450027,-118.4079971,33.94250107,2454.0
-86.67819977,36.12450027,-73.87259674,40.77719879,5.0
-86.67819977,36.12450027,-81.30899811,28.42939949,1.0
-86.67819977,36.12450027,-89.33750153,43.13990021,2.0
-86.67819977,36.12450027,-93.221802,44.882,868.0
-86.67819977,36.12450027,-122.308998,47.449001,524.0
-86.67819977,36.12450027,-111.9779968,40.78839874,1171.0
-116.223,43.5644,-84.428101,33.6367,9.0
-116.223,43.5644,-93.221802,44.882,3828.0
-116.223,43.5644,-122.308998,47.449001,1.0
-116.223,43.5644,-111.9779968,40.78839874,6855.0
-71.00520325,42.36429977,-84.428101,33.6367,38702.0
-71.00520325,42.36429977,-97.66989899,30.19449997,396.0
-71.00520325,42.36429977,-86.67819977,36.12450027,2.0
-71.00520325,42.36429977,-80.04049683,32.89860153,4.0
-71.00520325,42.36429977,-82.891899,39.998001,1.0
-71.00520325,42.36429977,-84.6678009,39.04880142,3694.0
-71.00520325,42.36429977,-83.35340118,42.21239853,20309.0
-71.00520325,42.36429977,-80.152702,26.072599,727.0
-71.00520325,42.36429977,-86.294403,39.7173,5.0
-71.00520325,42.36429977,-73.77890015,40.63980103,8942.0
-71.00520325,42.36429977,-115.1520004,36.08010101,206.0
-71.00520325,42.36429977,-118.4079971,33.94250107,3417.0
-71.00520325,42.36429977,-73.87259674,40.77719879,22011.0
-71.00520325,42.36429977,-81.30899811,28.42939949,7640.0
-71.00520325,42.36429977,-89.97669983,35.04240036,200.0
-71.00520325,42.36429977,-80.29060364,25.79319954,19.0
-71.00520325,42.36429977,-93.221802,44.882,16484.0
-71.00520325,42.36429977,-80.09559631,26.68320084,727.0
-71.00520325,42.36429977,-78.78749847,35.87760162,577.0
-71.00520325,42.36429977,-81.75520325,26.53619957,397.0
-71.00520325,42.36429977,-85.736,38.1744,3.0
-71.00520325,42.36429977,-122.308998,47.449001,1341.0
-71.00520325,42.36429977,-122.375,37.61899948,824.0
-71.00520325,42.36429977,-111.9779968,40.78839874,6380.0
-71.00520325,42.36429977,-82.55439758,27.39539909,11.0
-71.00520325,42.36429977,-64.9733963,18.33729935,28.0
-71.00520325,42.36429977,-82.53320313,27.97550011,1967.0
-91.149597,30.533199,-84.428101,33.6367,2143.0
-91.149597,30.533199,-97.038002,32.896801,1.0
-73.15329742,44.47190094,-84.428101,33.6367,1123.0
-73.15329742,44.47190094,-73.87259674,40.77719879,2.0
-78.73220062,42.94049835,-84.428101,33.6367,16954.0
-78.73220062,42.94049835,-71.00520325,42.36429977,1.0
-78.73220062,42.94049835,-83.35340118,42.21239853,2786.0
-78.73220062,42.94049835,-73.77890015,40.63980103,297.0
-78.73220062,42.94049835,-73.87259674,40.77719879,692.0
-78.73220062,42.94049835,-93.221802,44.882,1144.0
-76.668297,39.1754,-84.428101,33.6367,37586.0
-76.668297,39.1754,-84.6678009,39.04880142,153.0
-76.668297,39.1754,-83.35340118,42.21239853,15562.0
-76.668297,39.1754,-73.77890015,40.63980103,26.0
-76.668297,39.1754,-118.4079971,33.94250107,2.0
-76.668297,39.1754,-89.97669983,35.04240036,164.0
-76.668297,39.1754,-93.221802,44.882,9151.0
-76.668297,39.1754,-111.9779968,40.78839874,6244.0
-111.1529999,45.77750015,-84.428101,33.6367,797.0
-111.1529999,45.77750015,-83.35340118,42.21239853,17.0
-111.1529999,45.77750015,-118.4079971,33.94250107,62.0
-111.1529999,45.77750015,-73.87259674,40.77719879,56.0
-111.1529999,45.77750015,-93.221802,44.882,5460.0
-111.1529999,45.77750015,-122.308998,47.449001,13.0
-111.1529999,45.77750015,-111.9779968,40.78839874,1792.0
-81.11949921,33.93880081,-84.428101,33.6367,9620.0
-81.11949921,33.93880081,-73.87259674,40.77719879,3.0
-81.44219971,40.91609955,-84.428101,33.6367,7904.0
-81.44219971,40.91609955,-83.35340118,42.21239853,9.0
-85.20379639,35.03530121,-84.428101,33.6367,4225.0
-78.45290375,38.1385994,-84.428101,33.6367,1516.0
-80.04049683,32.89860153,-84.428101,33.6367,31542.0
-80.04049683,32.89860153,-71.00520325,42.36429977,4.0
-80.04049683,32.89860153,-83.35340118,42.21239853,22.0
-80.04049683,32.89860153,-73.77890015,40.63980103,2039.0
-80.04049683,32.89860153,-73.87259674,40.77719879,2.0
-80.04049683,32.89860153,-111.9779968,40.78839874,1.0
-91.71080017,41.88470078,-84.428101,33.6367,759.0
-91.71080017,41.88470078,-93.221802,44.882,1.0
-81.84980011,41.4117012,-84.428101,33.6367,15421.0
-81.84980011,41.4117012,-83.35340118,42.21239853,529.0
-81.84980011,41.4117012,-73.77890015,40.63980103,2.0
-81.84980011,41.4117012,-73.87259674,40.77719879,5.0
-81.84980011,41.4117012,-93.221802,44.882,784.0
-81.84980011,41.4117012,-78.78749847,35.87760162,1.0
-81.84980011,41.4117012,-111.9779968,40.78839874,225.0
-80.94309998,35.2140007,-84.428101,33.6367,33653.0
-80.94309998,35.2140007,-83.35340118,42.21239853,10214.0
-80.94309998,35.2140007,-73.77890015,40.63980103,151.0
-80.94309998,35.2140007,-73.87259674,40.77719879,64.0
-80.94309998,35.2140007,-89.97669983,35.04240036,140.0
-80.94309998,35.2140007,-93.221802,44.882,6290.0
-80.94309998,35.2140007,-111.9779968,40.78839874,2419.0
-82.891899,39.998001,-84.428101,33.6367,24657.0
-82.891899,39.998001,-71.00520325,42.36429977,1.0
-82.891899,39.998001,-84.6678009,39.04880142,182.0
-82.891899,39.998001,-83.35340118,42.21239853,23.0
-82.891899,39.998001,-115.1520004,36.08010101,2.0
-82.891899,39.998001,-118.4079971,33.94250107,2322.0
-82.891899,39.998001,-73.87259674,40.77719879,3.0
-82.891899,39.998001,-81.30899811,28.42939949,8.0
-82.891899,39.998001,-89.97669983,35.04240036,1.0
-82.891899,39.998001,-93.221802,44.882,2600.0
-82.891899,39.998001,-111.9779968,40.78839874,2.0
-104.700996,38.805801,-84.428101,33.6367,3504.0
-81.59320068,38.37310028,-84.428101,33.6367,1990.0
-84.6678009,39.04880142,-84.428101,33.6367,22480.0
-84.6678009,39.04880142,-72.68319702,41.93889999,246.0
-84.6678009,39.04880142,-86.67819977,36.12450027,7.0
-84.6678009,39.04880142,-71.00520325,42.36429977,4037.0
-84.6678009,39.04880142,-76.668297,39.1754,152.0
-84.6678009,39.04880142,-82.891899,39.998001,183.0
-84.6678009,39.04880142,-77.037697,38.8521,268.0
-84.6678009,39.04880142,-104.6729965,39.86169815,2605.0
-84.6678009,39.04880142,-97.038002,32.896801,13.0
-84.6678009,39.04880142,-83.35340118,42.21239853,541.0
-84.6678009,39.04880142,-106.9179993,39.64260101,19.0
-84.6678009,39.04880142,-74.16870117,40.69250107,10.0
-84.6678009,39.04880142,-80.152702,26.072599,4223.0
-84.6678009,39.04880142,-85.52279663,42.88079834,2.0
-84.6678009,39.04880142,-81.68789673,30.49410057,1.0
-84.6678009,39.04880142,-73.77890015,40.63980103,837.0
-84.6678009,39.04880142,-115.1520004,36.08010101,4040.0
-84.6678009,39.04880142,-118.4079971,33.94250107,7087.0
-84.6678009,39.04880142,-73.87259674,40.77719879,2434.0
-84.6678009,39.04880142,-94.713898,39.2976,1.0
-84.6678009,39.04880142,-81.30899811,28.42939949,8851.0
-84.6678009,39.04880142,-80.29060364,25.79319954,943.0
-84.6678009,39.04880142,-93.221802,44.882,688.0
-84.6678009,39.04880142,-90.25800323,29.99340057,1.0
-84.6678009,39.04880142,-87.9048,41.9786,2.0
-84.6678009,39.04880142,-75.2410965,39.87189865,2.0
-84.6678009,39.04880142,-112.012001,33.43429947,1501.0
-84.6678009,39.04880142,-80.23290253,40.49150085,25.0
-84.6678009,39.04880142,-78.78749847,35.87760162,3.0
-84.6678009,39.04880142,-77.31970215,37.50519943,1.0
-84.6678009,39.04880142,-81.75520325,26.53619957,3448.0
-84.6678009,39.04880142,-117.1900024,32.73360062,1042.0
-84.6678009,39.04880142,-85.736,38.1744,4.0
-84.6678009,39.04880142,-122.308998,47.449001,2517.0
-84.6678009,39.04880142,-122.375,37.61899948,3827.0
-84.6678009,39.04880142,-111.9779968,40.78839874,7320.0
-84.6678009,39.04880142,-117.8679962,33.67570114,84.0
-84.6678009,39.04880142,-90.370003,38.748697,1.0
-84.6678009,39.04880142,-82.53320313,27.97550011,4230.0
-81.058098,29.179899,-84.428101,33.6367,14582.0
-96.851799,32.847099,-84.428101,33.6367,6783.0
-84.2193985,39.90240097,-84.428101,33.6367,14437.0
-84.2193985,39.90240097,-83.35340118,42.21239853,19.0
-84.2193985,39.90240097,-93.221802,44.882,2.0
-77.037697,38.8521,-84.428101,33.6367,47829.0
-77.037697,38.8521,-84.6678009,39.04880142,272.0
-77.037697,38.8521,-83.35340118,42.21239853,17927.0
-77.037697,38.8521,-86.294403,39.7173,1.0
-77.037697,38.8521,-73.77890015,40.63980103,1136.0
-77.037697,38.8521,-118.4079971,33.94250107,615.0
-77.037697,38.8521,-73.87259674,40.77719879,290.0
-77.037697,38.8521,-81.30899811,28.42939949,722.0
-77.037697,38.8521,-89.97669983,35.04240036,2589.0
-77.037697,38.8521,-80.29060364,25.79319954,288.0
-77.037697,38.8521,-93.221802,44.882,16743.0
-77.037697,38.8521,-90.25800323,29.99340057,1.0
-77.037697,38.8521,-111.9779968,40.78839874,5146.0
-77.037697,38.8521,-82.53320313,27.97550011,286.0
-104.6729965,39.86169815,-84.428101,33.6367,27110.0
-104.6729965,39.86169815,-84.6678009,39.04880142,2600.0
-104.6729965,39.86169815,-83.35340118,42.21239853,10382.0
-104.6729965,39.86169815,-73.77890015,40.63980103,5293.0
-104.6729965,39.86169815,-118.4079971,33.94250107,1300.0
-104.6729965,39.86169815,-73.87259674,40.77719879,4562.0
-104.6729965,39.86169815,-89.97669983,35.04240036,2.0
-104.6729965,39.86169815,-93.221802,44.882,18530.0
-104.6729965,39.86169815,-122.308998,47.449001,2004.0
-104.6729965,39.86169815,-111.9779968,40.78839874,6035.0
-97.038002,32.896801,-84.428101,33.6367,38405.0
-97.038002,32.896801,-86.75350189,33.56290054,1.0
-97.038002,32.896801,-91.149597,30.533199,1.0
-97.038002,32.896801,-84.6678009,39.04880142,13.0
-97.038002,32.896801,-83.35340118,42.21239853,4566.0
-97.038002,32.896801,-96.81580353,46.92070007,1.0
-97.038002,32.896801,-86.77510071,34.6371994,1.0
-97.038002,32.896801,-73.77890015,40.63980103,162.0
-97.038002,32.896801,-118.4079971,33.94250107,642.0
-97.038002,32.896801,-73.87259674,40.77719879,516.0
-97.038002,32.896801,-89.97669983,35.04240036,23.0
-97.038002,32.896801,-89.33750153,43.13990021,1.0
-97.038002,32.896801,-93.221802,44.882,2756.0
-97.038002,32.896801,-111.9779968,40.78839874,5793.0
-92.19360352,46.84209824,-83.35340118,42.21239853,2.0
-92.19360352,46.84209824,-93.221802,44.882,632.0
-93.6631012,41.5340004,-84.428101,33.6367,5805.0
-93.6631012,41.5340004,-83.35340118,42.21239853,3.0
-93.6631012,41.5340004,-93.221802,44.882,51.0
-83.35340118,42.21239853,-75.44080353,40.65209961,1.0
-83.35340118,42.21239853,-73.80169678,42.74829865,1009.0
-83.35340118,42.21239853,-149.9960022,61.17440033,127.0
-83.35340118,42.21239853,-84.428101,33.6367,37062.0
-83.35340118,42.21239853,-88.51909637,44.2580986,583.0
-83.35340118,42.21239853,-97.66989899,30.19449997,2843.0
-83.35340118,42.21239853,-85.55210114,42.23490143,5.0
-83.35340118,42.21239853,-72.68319702,41.93889999,9038.0
-83.35340118,42.21239853,-68.82810211,44.80739975,354.0
-83.35340118,42.21239853,-86.75350189,33.56290054,11.0
-83.35340118,42.21239853,-86.67819977,36.12450027,9935.0
-83.35340118,42.21239853,-71.00520325,42.36429977,20027.0
-83.35340118,42.21239853,-73.15329742,44.47190094,2.0
-83.35340118,42.21239853,-78.73220062,42.94049835,2748.0
-83.35340118,42.21239853,-76.668297,39.1754,15573.0
-83.35340118,42.21239853,-111.1529999,45.77750015,17.0
-83.35340118,42.21239853,-81.44219971,40.91609955,9.0
-83.35340118,42.21239853,-85.20379639,35.03530121,1.0
-83.35340118,42.21239853,-80.04049683,32.89860153,23.0
-83.35340118,42.21239853,-81.84980011,41.4117012,517.0
-83.35340118,42.21239853,-80.94309998,35.2140007,10214.0
-83.35340118,42.21239853,-82.891899,39.998001,19.0
-83.35340118,42.21239853,-81.59320068,38.37310028,1.0
-83.35340118,42.21239853,-84.6678009,39.04880142,568.0
-83.35340118,42.21239853,-84.2193985,39.90240097,18.0
-83.35340118,42.21239853,-77.037697,38.8521,17903.0
-83.35340118,42.21239853,-104.6729965,39.86169815,10388.0
-83.35340118,42.21239853,-97.038002,32.896801,4110.0
-83.35340118,42.21239853,-92.19360352,46.84209824,2.0
-83.35340118,42.21239853,-93.6631012,41.5340004,4.0
-83.35340118,42.21239853,-106.9179993,39.64260101,9.0
-83.35340118,42.21239853,-87.53240204,38.03699875,27.0
-83.35340118,42.21239853,-74.16870117,40.69250107,6306.0
-83.35340118,42.21239853,-80.152702,26.072599,15198.0
-83.35340118,42.21239853,-83.74359894,42.9654007,12.0
-83.35340118,42.21239853,-88.12960052,44.48509979,2006.0
-83.35340118,42.21239853,-85.52279663,42.88079834,7733.0
-83.35340118,42.21239853,-79.93730164,36.09780121,29.0
-83.35340118,42.21239853,-82.21890259,34.89569855,280.0
-83.35340118,42.21239853,-157.924228,21.32062,71.0
-83.35340118,42.21239853,-86.77510071,34.6371994,2.0
-83.35340118,42.21239853,-77.45580292,38.94449997,175.0
-83.35340118,42.21239853,-95.34140015,29.9843998,1225.0
-83.35340118,42.21239853,-86.294403,39.7173,6780.0
-83.35340118,42.21239853,-90.07589722,32.31119919,1.0
-83.35340118,42.21239853,-81.68789673,30.49410057,1421.0
-83.35340118,42.21239853,-73.77890015,40.63980103,4178.0
-83.35340118,42.21239853,-84.58740234,42.77870178,4.0
-83.35340118,42.21239853,-115.1520004,36.08010101,16558.0
-83.35340118,42.21239853,-118.4079971,33.94250107,17061.0
-83.35340118,42.21239853,-84.60590363,38.03649902,30.0
-83.35340118,42.21239853,-73.87259674,40.77719879,25974.0
-83.35340118,42.21239853,-92.22429657,34.72940063,5.0
-83.35340118,42.21239853,-84.07959747,43.53290176,25.0
-83.35340118,42.21239853,-94.713898,39.2976,8146.0
-83.35340118,42.21239853,-81.30899811,28.42939949,19405.0
-83.35340118,42.21239853,-76.76339722,40.19350052,168.0
-83.35340118,42.21239853,-87.752403,41.785999,54.0
-83.35340118,42.21239853,-89.97669983,35.04240036,5426.0
-83.35340118,42.21239853,-71.435699,42.932598,1076.0
-83.35340118,42.21239853,-80.29060364,25.79319954,6839.0
-83.35340118,42.21239853,-87.89659882,42.94720078,9702.0
-83.35340118,42.21239853,-89.33750153,43.13990021,7642.0
-83.35340118,42.21239853,-93.221802,44.882,26285.0
-83.35340118,42.21239853,-90.25800323,29.99340057,5888.0
-83.35340118,42.21239853,-78.92829895,33.67969894,226.0
-83.35340118,42.21239853,-97.60070038,35.39310074,54.0
-83.35340118,42.21239853,-95.894096,41.3032,1011.0
-83.35340118,42.21239853,-87.9048,41.9786,12586.0
-83.35340118,42.21239853,-76.20120239,36.89459991,553.0
-83.35340118,42.21239853,-80.09559631,26.68320084,3918.0
-83.35340118,42.21239853,-122.5979996,45.58869934,2383.0
-83.35340118,42.21239853,-75.2410965,39.87189865,12939.0
-83.35340118,42.21239853,-112.012001,33.43429947,11802.0
-83.35340118,42.21239853,-80.23290253,40.49150085,3677.0
-83.35340118,42.21239853,-71.420403,41.732601,3392.0
-83.35340118,42.21239853,-70.309303,43.646198,288.0
-83.35340118,42.21239853,-78.78749847,35.87760162,6654.0
-83.35340118,42.21239853,-77.31970215,37.50519943,11.0
-83.35340118,42.21239853,-77.67240143,43.1189003,545.0
-83.35340118,42.21239853,-81.75520325,26.53619957,10372.0
-83.35340118,42.21239853,-117.1900024,32.73360062,6892.0
-83.35340118,42.21239853,-98.46980286,29.53370094,1605.0
-83.35340118,42.21239853,-81.20210266,32.12760162,12.0
-83.35340118,42.21239853,-86.31729889,41.70869827,88.0
-83.35340118,42.21239853,-85.736,38.1744,65.0
-83.35340118,42.21239853,-122.308998,47.449001,13484.0
-83.35340118,42.21239853,-122.375,37.61899948,12454.0
-83.35340118,42.21239853,-121.929001,37.362598,38.0
-83.35340118,42.21239853,-66.00180054,18.43939972,243.0
-83.35340118,42.21239853,-111.9779968,40.78839874,13876.0
-83.35340118,42.21239853,-121.5910034,38.69540024,146.0
-83.35340118,42.21239853,-117.8679962,33.67570114,570.0
-83.35340118,42.21239853,-82.55439758,27.39539909,654.0
-83.35340118,42.21239853,-90.370003,38.748697,6312.0
-83.35340118,42.21239853,-76.10630035,43.11119843,653.0
-83.35340118,42.21239853,-82.53320313,27.97550011,15055.0
-83.35340118,42.21239853,-95.88809967,36.19839859,4.0
-83.35340118,42.21239853,-85.5821991,44.74140167,1799.0
-83.35340118,42.21239853,-83.9940033,35.81100082,3.0
-83.35340118,42.21239853,-94.306801,36.281898,2.0
-85.795414,30.357106,-84.428101,33.6367,13398.0
-106.9179993,39.64260101,-84.428101,33.6367,997.0
-106.9179993,39.64260101,-84.6678009,39.04880142,21.0
-106.9179993,39.64260101,-83.35340118,42.21239853,9.0
-106.9179993,39.64260101,-93.221802,44.882,127.0
-106.9179993,39.64260101,-111.9779968,40.78839874,6.0
-106.3779984,31.80719948,-84.428101,33.6367,6970.0
-87.53240204,38.03699875,-84.428101,33.6367,1460.0
-87.53240204,38.03699875,-83.35340118,42.21239853,27.0
-74.16870117,40.69250107,-84.428101,33.6367,34825.0
-74.16870117,40.69250107,-84.6678009,39.04880142,16.0
-74.16870117,40.69250107,-83.35340118,42.21239853,6600.0
-74.16870117,40.69250107,-89.97669983,35.04240036,5.0
-74.16870117,40.69250107,-93.221802,44.882,4726.0
-74.16870117,40.69250107,-111.9779968,40.78839874,4509.0
-81.75959778,24.55610085,-84.428101,33.6367,8432.0
-81.75959778,24.55610085,-73.87259674,40.77719879,53.0
-147.8560028,64.81510162,-93.221802,44.882,1266.0
-147.8560028,64.81510162,-122.308998,47.449001,1139.0
-147.8560028,64.81510162,-111.9779968,40.78839874,53.0
-96.81580353,46.92070007,-84.428101,33.6367,5.0
-96.81580353,46.92070007,-97.038002,32.896801,1.0
-96.81580353,46.92070007,-93.221802,44.882,5818.0
-96.81580353,46.92070007,-111.9779968,40.78839874,3.0
-78.88030243,34.99119949,-84.428101,33.6367,2925.0
-114.2559967,48.3105011,-84.428101,33.6367,154.0
-114.2559967,48.3105011,-118.4079971,33.94250107,21.0
-114.2559967,48.3105011,-93.221802,44.882,1608.0
-114.2559967,48.3105011,-111.9779968,40.78839874,577.0
-80.152702,26.072599,-84.428101,33.6367,47705.0
-80.152702,26.072599,-72.68319702,41.93889999,720.0
-80.152702,26.072599,-71.00520325,42.36429977,732.0
-80.152702,26.072599,-84.6678009,39.04880142,4227.0
-80.152702,26.072599,-83.35340118,42.21239853,15189.0
-80.152702,26.072599,-73.77890015,40.63980103,11919.0
-80.152702,26.072599,-115.1520004,36.08010101,188.0
-80.152702,26.072599,-118.4079971,33.94250107,738.0
-80.152702,26.072599,-73.87259674,40.77719879,18075.0
-80.152702,26.072599,-89.97669983,35.04240036,1357.0
-80.152702,26.072599,-93.221802,44.882,4279.0
-80.152702,26.072599,-78.78749847,35.87760162,1.0
-80.152702,26.072599,-122.308998,47.449001,54.0
-80.152702,26.072599,-111.9779968,40.78839874,709.0
-83.74359894,42.9654007,-84.428101,33.6367,7616.0
-83.74359894,42.9654007,-83.35340118,42.21239853,11.0
-83.74359894,42.9654007,-93.221802,44.882,1.0
-96.74189758,43.58200073,-84.428101,33.6367,1054.0
-96.74189758,43.58200073,-83.35340118,42.21239853,1.0
-96.74189758,43.58200073,-93.221802,44.882,3627.0
-117.5339966,47.61989975,-84.428101,33.6367,11.0
-117.5339966,47.61989975,-118.4079971,33.94250107,11.0
-117.5339966,47.61989975,-93.221802,44.882,7041.0
-117.5339966,47.61989975,-122.308998,47.449001,333.0
-117.5339966,47.61989975,-111.9779968,40.78839874,7462.0
-97.176102,47.949299,-93.221802,44.882,233.0
-82.27179718,29.69009972,-84.428101,33.6367,1570.0
-89.07009888,30.40730095,-84.428101,33.6367,8984.0
-88.12960052,44.48509979,-84.428101,33.6367,432.0
-88.12960052,44.48509979,-83.35340118,42.21239853,1795.0
-88.12960052,44.48509979,-93.221802,44.882,2640.0
-88.12960052,44.48509979,-90.25800323,29.99340057,1.0
-85.52279663,42.88079834,-84.428101,33.6367,9876.0
-85.52279663,42.88079834,-83.35340118,42.21239853,8188.0
-85.52279663,42.88079834,-73.87259674,40.77719879,5.0
-85.52279663,42.88079834,-89.97669983,35.04240036,1.0
-85.52279663,42.88079834,-93.221802,44.882,6615.0
-79.93730164,36.09780121,-84.428101,33.6367,16344.0
-79.93730164,36.09780121,-83.35340118,42.21239853,29.0
-79.93730164,36.09780121,-73.87259674,40.77719879,6.0
-82.21890259,34.89569855,-84.428101,33.6367,14038.0
-82.21890259,34.89569855,-83.35340118,42.21239853,286.0
-82.21890259,34.89569855,-73.87259674,40.77719879,1.0
-111.3710022,47.48199844,-93.221802,44.882,160.0
-106.9329987,38.53390121,-84.428101,33.6367,27.0
-107.2180023,40.48120117,-84.428101,33.6367,928.0
-107.2180023,40.48120117,-73.87259674,40.77719879,19.0
-107.2180023,40.48120117,-93.221802,44.882,110.0
-157.924228,21.32062,-84.428101,33.6367,3351.0
-157.924228,21.32062,-83.35340118,42.21239853,72.0
-157.924228,21.32062,-73.77890015,40.63980103,146.0
-157.924228,21.32062,-115.1520004,36.08010101,14.0
-157.924228,21.32062,-118.4079971,33.94250107,11963.0
-157.924228,21.32062,-93.221802,44.882,930.0
-157.924228,21.32062,-122.5979996,45.58869934,272.0
-157.924228,21.32062,-117.1900024,32.73360062,44.0
-157.924228,21.32062,-122.308998,47.449001,4294.0
-157.924228,21.32062,-122.375,37.61899948,1497.0
-157.924228,21.32062,-111.9779968,40.78839874,3575.0
-95.27890015,29.64539909,-84.428101,33.6367,12321.0
-73.70760345,41.06700134,-84.428101,33.6367,521.0
-97.65440369,26.22850037,-93.221802,44.882,130.0
-86.77510071,34.6371994,-84.428101,33.6367,14537.0
-86.77510071,34.6371994,-97.038002,32.896801,2.0
-86.77510071,34.6371994,-83.35340118,42.21239853,2.0
-77.45580292,38.94449997,-84.428101,33.6367,22117.0
-77.45580292,38.94449997,-84.6678009,39.04880142,1.0
-77.45580292,38.94449997,-83.35340118,42.21239853,172.0
-77.45580292,38.94449997,-93.221802,44.882,1456.0
-77.45580292,38.94449997,-122.308998,47.449001,183.0
-77.45580292,38.94449997,-111.9779968,40.78839874,1702.0
-95.34140015,29.9843998,-84.428101,33.6367,21317.0
-95.34140015,29.9843998,-84.6678009,39.04880142,1.0
-95.34140015,29.9843998,-83.35340118,42.21239853,1350.0
-95.34140015,29.9843998,-73.87259674,40.77719879,9.0
-95.34140015,29.9843998,-93.221802,44.882,972.0
-95.34140015,29.9843998,-111.9779968,40.78839874,1788.0
-97.433098,37.649899,-84.428101,33.6367,5240.0
-97.433098,37.649899,-93.221802,44.882,3.0
-77.90260315,34.27059937,-84.428101,33.6367,2330.0
-86.294403,39.7173,-84.428101,33.6367,26976.0
-86.294403,39.7173,-71.00520325,42.36429977,2.0
-86.294403,39.7173,-77.037697,38.8521,1.0
-86.294403,39.7173,-83.35340118,42.21239853,6037.0
-86.294403,39.7173,-73.77890015,40.63980103,2.0
-86.294403,39.7173,-115.1520004,36.08010101,42.0
-86.294403,39.7173,-118.4079971,33.94250107,2609.0
-86.294403,39.7173,-73.87259674,40.77719879,30.0
-86.294403,39.7173,-81.30899811,28.42939949,331.0
-86.294403,39.7173,-89.97669983,35.04240036,8.0
-86.294403,39.7173,-93.221802,44.882,7608.0
-86.294403,39.7173,-81.75520325,26.53619957,16.0
-86.294403,39.7173,-122.308998,47.449001,180.0
-86.294403,39.7173,-111.9779968,40.78839874,2234.0
-86.294403,39.7173,-94.306801,36.281898,3.0
-110.737999,43.6072998,-84.428101,33.6367,913.0
-110.737999,43.6072998,-73.77890015,40.63980103,49.0
-110.737999,43.6072998,-118.4079971,33.94250107,2.0
-110.737999,43.6072998,-93.221802,44.882,775.0
-110.737999,43.6072998,-111.9779968,40.78839874,5252.0
-90.07589722,32.31119919,-84.428101,33.6367,13979.0
-90.07589722,32.31119919,-83.35340118,42.21239853,1.0
-81.68789673,30.49410057,-84.428101,33.6367,41693.0
-81.68789673,30.49410057,-84.6678009,39.04880142,6.0
-81.68789673,30.49410057,-83.35340118,42.21239853,1415.0
-81.68789673,30.49410057,-73.77890015,40.63980103,221.0
-81.68789673,30.49410057,-73.87259674,40.77719879,653.0
-81.68789673,30.49410057,-89.97669983,35.04240036,3.0
-81.68789673,30.49410057,-93.221802,44.882,607.0
-73.77890015,40.63980103,-84.428101,33.6367,22203.0
-73.77890015,40.63980103,-97.66989899,30.19449997,4185.0
-73.77890015,40.63980103,-68.82810211,44.80739975,162.0
-73.77890015,40.63980103,-86.67819977,36.12450027,2.0
-73.77890015,40.63980103,-71.00520325,42.36429977,8879.0
-73.77890015,40.63980103,-78.73220062,42.94049835,303.0
-73.77890015,40.63980103,-76.668297,39.1754,23.0
-73.77890015,40.63980103,-80.04049683,32.89860153,2039.0
-73.77890015,40.63980103,-81.84980011,41.4117012,2.0
-73.77890015,40.63980103,-80.94309998,35.2140007,146.0
-73.77890015,40.63980103,-84.6678009,39.04880142,830.0
-73.77890015,40.63980103,-77.037697,38.8521,1141.0
-73.77890015,40.63980103,-104.6729965,39.86169815,5290.0
-73.77890015,40.63980103,-97.038002,32.896801,151.0
-73.77890015,40.63980103,-83.35340118,42.21239853,4208.0
-73.77890015,40.63980103,-80.152702,26.072599,11943.0
-73.77890015,40.63980103,-157.924228,21.32062,145.0
-73.77890015,40.63980103,-86.294403,39.7173,1.0
-73.77890015,40.63980103,-110.737999,43.6072998,50.0
-73.77890015,40.63980103,-81.68789673,30.49410057,227.0
-73.77890015,40.63980103,-115.1520004,36.08010101,16338.0
-73.77890015,40.63980103,-118.4079971,33.94250107,26869.0
-73.77890015,40.63980103,-81.30899811,28.42939949,14502.0
-73.77890015,40.63980103,-89.97669983,35.04240036,1.0
-73.77890015,40.63980103,-80.29060364,25.79319954,13715.0
-73.77890015,40.63980103,-93.221802,44.882,6706.0
-73.77890015,40.63980103,-90.25800323,29.99340057,2398.0
-73.77890015,40.63980103,-87.9048,41.9786,45.0
-73.77890015,40.63980103,-76.20120239,36.89459991,2.0
-73.77890015,40.63980103,-80.09559631,26.68320084,1068.0
-73.77890015,40.63980103,-122.5979996,45.58869934,5034.0
-73.77890015,40.63980103,-75.2410965,39.87189865,365.0
-73.77890015,40.63980103,-112.012001,33.43429947,6202.0
-73.77890015,40.63980103,-80.23290253,40.49150085,411.0
-73.77890015,40.63980103,-78.78749847,35.87760162,227.0
-73.77890015,40.63980103,-77.31970215,37.50519943,1.0
-73.77890015,40.63980103,-81.75520325,26.53619957,525.0
-73.77890015,40.63980103,-117.1900024,32.73360062,7268.0
-73.77890015,40.63980103,-98.46980286,29.53370094,2669.0
-73.77890015,40.63980103,-81.20210266,32.12760162,78.0
-73.77890015,40.63980103,-122.308998,47.449001,12160.0
-73.77890015,40.63980103,-122.375,37.61899948,20077.0
-73.77890015,40.63980103,-121.929001,37.362598,204.0
-73.77890015,40.63980103,-66.00180054,18.43939972,10833.0
-73.77890015,40.63980103,-111.9779968,40.78839874,15698.0
-73.77890015,40.63980103,-117.8679962,33.67570114,162.0
-73.77890015,40.63980103,-90.370003,38.748697,1.0
-73.77890015,40.63980103,-64.9733963,18.33729935,1656.0
-73.77890015,40.63980103,-76.10630035,43.11119843,4.0
-73.77890015,40.63980103,-82.53320313,27.97550011,8342.0
-134.576004,58.35499954,-122.308998,47.449001,659.0
-156.045603,19.738783,-118.4079971,33.94250107,3555.0
-156.045603,19.738783,-122.308998,47.449001,934.0
-84.58740234,42.77870178,-83.35340118,42.21239853,4.0
-115.1520004,36.08010101,-84.428101,33.6367,27676.0
-115.1520004,36.08010101,-97.66989899,30.19449997,3.0
-115.1520004,36.08010101,-72.68319702,41.93889999,8.0
-115.1520004,36.08010101,-86.67819977,36.12450027,2.0
-115.1520004,36.08010101,-71.00520325,42.36429977,211.0
-115.1520004,36.08010101,-82.891899,39.998001,1.0
-115.1520004,36.08010101,-84.6678009,39.04880142,4041.0
-115.1520004,36.08010101,-83.35340118,42.21239853,16554.0
-115.1520004,36.08010101,-80.152702,26.072599,189.0
-115.1520004,36.08010101,-157.924228,21.32062,14.0
-115.1520004,36.08010101,-86.294403,39.7173,42.0
-115.1520004,36.08010101,-73.77890015,40.63980103,16303.0
-115.1520004,36.08010101,-118.4079971,33.94250107,7306.0
-115.1520004,36.08010101,-94.713898,39.2976,6.0
-115.1520004,36.08010101,-81.30899811,28.42939949,572.0
-115.1520004,36.08010101,-89.97669983,35.04240036,3148.0
-115.1520004,36.08010101,-93.221802,44.882,19548.0
-115.1520004,36.08010101,-122.221001,37.721298,2.0
-115.1520004,36.08010101,-122.5979996,45.58869934,7.0
-115.1520004,36.08010101,-78.78749847,35.87760162,88.0
-115.1520004,36.08010101,-117.1900024,32.73360062,1.0
-115.1520004,36.08010101,-122.308998,47.449001,4709.0
-115.1520004,36.08010101,-121.929001,37.362598,48.0
-115.1520004,36.08010101,-111.9779968,40.78839874,18697.0
-115.1520004,36.08010101,-117.8679962,33.67570114,142.0
-118.4079971,33.94250107,-149.9960022,61.17440033,32.0
-118.4079971,33.94250107,-84.428101,33.6367,37360.0
-118.4079971,33.94250107,-97.66989899,30.19449997,1748.0
-118.4079971,33.94250107,-72.68319702,41.93889999,77.0
-118.4079971,33.94250107,-86.67819977,36.12450027,2453.0
-118.4079971,33.94250107,-71.00520325,42.36429977,3424.0
-118.4079971,33.94250107,-76.668297,39.1754,2.0
-118.4079971,33.94250107,-111.1529999,45.77750015,63.0
-118.4079971,33.94250107,-82.891899,39.998001,2320.0
-118.4079971,33.94250107,-84.6678009,39.04880142,7076.0
-118.4079971,33.94250107,-77.037697,38.8521,612.0
-118.4079971,33.94250107,-104.6729965,39.86169815,1307.0
-118.4079971,33.94250107,-97.038002,32.896801,642.0
-118.4079971,33.94250107,-83.35340118,42.21239853,17378.0
-118.4079971,33.94250107,-114.2559967,48.3105011,21.0
-118.4079971,33.94250107,-80.152702,26.072599,743.0
-118.4079971,33.94250107,-117.5339966,47.61989975,12.0
-118.4079971,33.94250107,-157.924228,21.32062,11969.0
-118.4079971,33.94250107,-86.294403,39.7173,2604.0
-118.4079971,33.94250107,-110.737999,43.6072998,2.0
-118.4079971,33.94250107,-73.77890015,40.63980103,26793.0
-118.4079971,33.94250107,-156.045603,19.738783,3588.0
-118.4079971,33.94250107,-115.1520004,36.08010101,7335.0
-118.4079971,33.94250107,-159.3390045,21.97599983,3516.0
-118.4079971,33.94250107,-94.713898,39.2976,1392.0
-118.4079971,33.94250107,-81.30899811,28.42939949,8247.0
-118.4079971,33.94250107,-89.97669983,35.04240036,4844.0
-118.4079971,33.94250107,-80.29060364,25.79319954,2096.0
-118.4079971,33.94250107,-93.221802,44.882,21110.0
-118.4079971,33.94250107,-90.25800323,29.99340057,7524.0
-118.4079971,33.94250107,-122.221001,37.721298,899.0
-118.4079971,33.94250107,-156.429993,20.8986,6928.0
-118.4079971,33.94250107,-95.894096,41.3032,1.0
-118.4079971,33.94250107,-122.5979996,45.58869934,4821.0
-118.4079971,33.94250107,-75.2410965,39.87189865,170.0
-118.4079971,33.94250107,-112.012001,33.43429947,806.0
-118.4079971,33.94250107,-78.78749847,35.87760162,2919.0
-118.4079971,33.94250107,-117.1900024,32.73360062,667.0
-118.4079971,33.94250107,-98.46980286,29.53370094,5.0
-118.4079971,33.94250107,-122.308998,47.449001,11442.0
-118.4079971,33.94250107,-122.375,37.61899948,9550.0
-118.4079971,33.94250107,-121.929001,37.362598,2780.0
-118.4079971,33.94250107,-111.9779968,40.78839874,21656.0
-118.4079971,33.94250107,-121.5910034,38.69540024,698.0
-118.4079971,33.94250107,-82.53320313,27.97550011,3552.0
-84.60590363,38.03649902,-84.428101,33.6367,6266.0
-84.60590363,38.03649902,-83.35340118,42.21239853,30.0
-84.60590363,38.03649902,-93.221802,44.882,1.0
-91.98760223,30.20529938,-84.428101,33.6367,1600.0
-73.87259674,40.77719879,-81.96450043,33.36989975,1.0
-73.87259674,40.77719879,-84.428101,33.6367,54323.0
-73.87259674,40.77719879,-68.82810211,44.80739975,11.0
-73.87259674,40.77719879,-86.67819977,36.12450027,7.0
-73.87259674,40.77719879,-71.00520325,42.36429977,22017.0
-73.87259674,40.77719879,-78.73220062,42.94049835,692.0
-73.87259674,40.77719879,-111.1529999,45.77750015,56.0
-73.87259674,40.77719879,-80.04049683,32.89860153,2.0
-73.87259674,40.77719879,-81.84980011,41.4117012,5.0
-73.87259674,40.77719879,-80.94309998,35.2140007,59.0
-73.87259674,40.77719879,-82.891899,39.998001,3.0
-73.87259674,40.77719879,-84.6678009,39.04880142,2457.0
-73.87259674,40.77719879,-77.037697,38.8521,294.0
-73.87259674,40.77719879,-104.6729965,39.86169815,4585.0
-73.87259674,40.77719879,-97.038002,32.896801,519.0
-73.87259674,40.77719879,-93.6631012,41.5340004,1.0
-73.87259674,40.77719879,-83.35340118,42.21239853,25958.0
-73.87259674,40.77719879,-81.75959778,24.55610085,53.0
-73.87259674,40.77719879,-80.152702,26.072599,18202.0
-73.87259674,40.77719879,-85.52279663,42.88079834,2.0
-73.87259674,40.77719879,-79.93730164,36.09780121,4.0
-73.87259674,40.77719879,-82.21890259,34.89569855,1.0
-73.87259674,40.77719879,-107.2180023,40.48120117,21.0
-73.87259674,40.77719879,-95.34140015,29.9843998,8.0
-73.87259674,40.77719879,-86.294403,39.7173,27.0
-73.87259674,40.77719879,-81.68789673,30.49410057,653.0
-73.87259674,40.77719879,-84.60590363,38.03649902,1.0
-73.87259674,40.77719879,-94.713898,39.2976,144.0
-73.87259674,40.77719879,-81.30899811,28.42939949,20589.0
-73.87259674,40.77719879,-89.97669983,35.04240036,3434.0
-73.87259674,40.77719879,-71.435699,42.932598,1.0
-73.87259674,40.77719879,-80.29060364,25.79319954,12731.0
-73.87259674,40.77719879,-87.89659882,42.94720078,140.0
-73.87259674,40.77719879,-89.33750153,43.13990021,2.0
-73.87259674,40.77719879,-93.221802,44.882,21033.0
-73.87259674,40.77719879,-90.25800323,29.99340057,6796.0
-73.87259674,40.77719879,-78.92829895,33.67969894,8.0
-73.87259674,40.77719879,-95.894096,41.3032,7.0
-73.87259674,40.77719879,-87.9048,41.9786,836.0
-73.87259674,40.77719879,-76.20120239,36.89459991,3.0
-73.87259674,40.77719879,-80.09559631,26.68320084,14330.0
-73.87259674,40.77719879,-80.23290253,40.49150085,262.0
-73.87259674,40.77719879,-70.309303,43.646198,520.0
-73.87259674,40.77719879,-78.78749847,35.87760162,169.0
-73.87259674,40.77719879,-77.67240143,43.1189003,1.0
-73.87259674,40.77719879,-81.75520325,26.53619957,4059.0
-73.87259674,40.77719879,-81.20210266,32.12760162,1.0
-73.87259674,40.77719879,-86.31729889,41.70869827,1.0
-73.87259674,40.77719879,-85.736,38.1744,7.0
-73.87259674,40.77719879,-111.9779968,40.78839874,21.0
-73.87259674,40.77719879,-82.55439758,27.39539909,966.0
-73.87259674,40.77719879,-90.370003,38.748697,4.0
-73.87259674,40.77719879,-76.10630035,43.11119843,1.0
-73.87259674,40.77719879,-82.53320313,27.97550011,12987.0
-73.87259674,40.77719879,-85.5821991,44.74140167,1.0
-118.1520004,33.81769943,-111.9779968,40.78839874,507.0
-159.3390045,21.97599983,-118.4079971,33.94250107,3497.0
-159.3390045,21.97599983,-122.308998,47.449001,296.0
-92.22429657,34.72940063,-84.428101,33.6367,14805.0
-92.22429657,34.72940063,-83.35340118,42.21239853,5.0
-92.22429657,34.72940063,-89.97669983,35.04240036,631.0
-84.07959747,43.53290176,-83.35340118,42.21239853,25.0
-94.713898,39.2976,-84.428101,33.6367,26211.0
-94.713898,39.2976,-84.6678009,39.04880142,2.0
-94.713898,39.2976,-83.35340118,42.21239853,8190.0
-94.713898,39.2976,-115.1520004,36.08010101,5.0
-94.713898,39.2976,-118.4079971,33.94250107,1392.0
-94.713898,39.2976,-73.87259674,40.77719879,135.0
-94.713898,39.2976,-81.30899811,28.42939949,11.0
-94.713898,39.2976,-89.97669983,35.04240036,805.0
-94.713898,39.2976,-93.221802,44.882,11809.0
-94.713898,39.2976,-111.9779968,40.78839874,3157.0
-81.30899811,28.42939949,-84.428101,33.6367,56150.0
-81.30899811,28.42939949,-72.68319702,41.93889999,1911.0
-81.30899811,28.42939949,-86.67819977,36.12450027,2.0
-81.30899811,28.42939949,-71.00520325,42.36429977,7642.0
-81.30899811,28.42939949,-82.891899,39.998001,7.0
-81.30899811,28.42939949,-84.6678009,39.04880142,8852.0
-81.30899811,28.42939949,-77.037697,38.8521,721.0
-81.30899811,28.42939949,-83.35340118,42.21239853,19424.0
-81.30899811,28.42939949,-86.294403,39.7173,331.0
-81.30899811,28.42939949,-73.77890015,40.63980103,14475.0
-81.30899811,28.42939949,-115.1520004,36.08010101,570.0
-81.30899811,28.42939949,-118.4079971,33.94250107,8259.0
-81.30899811,28.42939949,-73.87259674,40.77719879,20494.0
-81.30899811,28.42939949,-94.713898,39.2976,11.0
-81.30899811,28.42939949,-89.97669983,35.04240036,4069.0
-81.30899811,28.42939949,-80.29060364,25.79319954,1050.0
-81.30899811,28.42939949,-87.89659882,42.94720078,50.0
-81.30899811,28.42939949,-93.221802,44.882,13446.0
-81.30899811,28.42939949,-80.23290253,40.49150085,7.0
-81.30899811,28.42939949,-78.78749847,35.87760162,1394.0
-81.30899811,28.42939949,-122.308998,47.449001,913.0
-81.30899811,28.42939949,-111.9779968,40.78839874,8114.0
-76.76339722,40.19350052,-84.428101,33.6367,4980.0
-76.76339722,40.19350052,-83.35340118,42.21239853,166.0
-87.752403,41.785999,-84.428101,33.6367,21365.0
-87.752403,41.785999,-83.35340118,42.21239853,54.0
-87.752403,41.785999,-93.221802,44.882,702.0
-87.752403,41.785999,-111.9779968,40.78839874,88.0
-89.97669983,35.04240036,-84.428101,33.6367,29351.0
-89.97669983,35.04240036,-97.66989899,30.19449997,1.0
-89.97669983,35.04240036,-86.67819977,36.12450027,1.0
-89.97669983,35.04240036,-71.00520325,42.36429977,200.0
-89.97669983,35.04240036,-91.149597,30.533199,1.0
-89.97669983,35.04240036,-76.668297,39.1754,168.0
-89.97669983,35.04240036,-80.94309998,35.2140007,140.0
-89.97669983,35.04240036,-77.037697,38.8521,2591.0
-89.97669983,35.04240036,-104.6729965,39.86169815,2.0
-89.97669983,35.04240036,-97.038002,32.896801,42.0
-89.97669983,35.04240036,-83.35340118,42.21239853,5352.0
-89.97669983,35.04240036,-74.16870117,40.69250107,2.0
-89.97669983,35.04240036,-80.152702,26.072599,1354.0
-89.97669983,35.04240036,-86.294403,39.7173,4.0
-89.97669983,35.04240036,-81.68789673,30.49410057,2.0
-89.97669983,35.04240036,-73.77890015,40.63980103,1.0
-89.97669983,35.04240036,-115.1520004,36.08010101,3146.0
-89.97669983,35.04240036,-118.4079971,33.94250107,4849.0
-89.97669983,35.04240036,-73.87259674,40.77719879,3421.0
-89.97669983,35.04240036,-92.22429657,34.72940063,631.0
-89.97669983,35.04240036,-94.713898,39.2976,813.0
-89.97669983,35.04240036,-81.30899811,28.42939949,4080.0
-89.97669983,35.04240036,-80.29060364,25.79319954,908.0
-89.97669983,35.04240036,-87.89659882,42.94720078,1.0
-89.97669983,35.04240036,-93.221802,44.882,6036.0
-89.97669983,35.04240036,-90.25800323,29.99340057,1401.0
-89.97669983,35.04240036,-97.60070038,35.39310074,14.0
-89.97669983,35.04240036,-87.9048,41.9786,526.0
-89.97669983,35.04240036,-80.09559631,26.68320084,92.0
-89.97669983,35.04240036,-75.2410965,39.87189865,14.0
-89.97669983,35.04240036,-112.012001,33.43429947,1221.0
-89.97669983,35.04240036,-80.23290253,40.49150085,7.0
-89.97669983,35.04240036,-81.75520325,26.53619957,54.0
-89.97669983,35.04240036,-117.1900024,32.73360062,92.0
-89.97669983,35.04240036,-98.46980286,29.53370094,56.0
-89.97669983,35.04240036,-122.308998,47.449001,797.0
-89.97669983,35.04240036,-122.375,37.61899948,260.0
-89.97669983,35.04240036,-66.00180054,18.43939972,28.0
-89.97669983,35.04240036,-111.9779968,40.78839874,1621.0
-89.97669983,35.04240036,-90.370003,38.748697,86.0
-89.97669983,35.04240036,-82.53320313,27.97550011,2098.0
-86.39399719,32.30059814,-84.428101,33.6367,9.0
-71.435699,42.932598,-84.428101,33.6367,3675.0
-71.435699,42.932598,-83.35340118,42.21239853,1070.0
-71.435699,42.932598,-73.87259674,40.77719879,1.0
-80.29060364,25.79319954,-84.428101,33.6367,39015.0
-80.29060364,25.79319954,-71.00520325,42.36429977,19.0
-80.29060364,25.79319954,-84.6678009,39.04880142,940.0
-80.29060364,25.79319954,-77.037697,38.8521,286.0
-80.29060364,25.79319954,-83.35340118,42.21239853,6838.0
-80.29060364,25.79319954,-73.77890015,40.63980103,13688.0
-80.29060364,25.79319954,-118.4079971,33.94250107,2097.0
-80.29060364,25.79319954,-73.87259674,40.77719879,12671.0
-80.29060364,25.79319954,-81.30899811,28.42939949,1046.0
-80.29060364,25.79319954,-89.97669983,35.04240036,909.0
-80.29060364,25.79319954,-93.221802,44.882,5080.0
-80.29060364,25.79319954,-111.9779968,40.78839874,213.0
-87.89659882,42.94720078,-84.428101,33.6367,21198.0
-87.89659882,42.94720078,-83.35340118,42.21239853,9689.0
-87.89659882,42.94720078,-73.87259674,40.77719879,137.0
-87.89659882,42.94720078,-81.30899811,28.42939949,51.0
-87.89659882,42.94720078,-93.221802,44.882,16064.0
-87.89659882,42.94720078,-122.308998,47.449001,119.0
-87.89659882,42.94720078,-111.9779968,40.78839874,69.0
-80.64530182,28.10280037,-84.428101,33.6367,11945.0
-90.50749969,41.44850159,-84.428101,33.6367,178.0
-88.24279785,30.69120026,-84.428101,33.6367,3570.0
-101.2799988,48.25939941,-93.221802,44.882,578.0
-89.33750153,43.13990021,-84.428101,33.6367,5039.0
-89.33750153,43.13990021,-86.67819977,36.12450027,2.0
-89.33750153,43.13990021,-97.038002,32.896801,1.0
-89.33750153,43.13990021,-83.35340118,42.21239853,7574.0
-89.33750153,43.13990021,-73.87259674,40.77719879,3.0
-89.33750153,43.13990021,-93.221802,44.882,7214.0
-89.33750153,43.13990021,-78.78749847,35.87760162,1.0
-89.33750153,43.13990021,-122.308998,47.449001,1.0
-89.33750153,43.13990021,-111.9779968,40.78839874,11.0
-114.0910034,46.91630173,-84.428101,33.6367,80.0
-114.0910034,46.91630173,-93.221802,44.882,2572.0
-114.0910034,46.91630173,-111.9779968,40.78839874,970.0
-93.221802,44.882,-106.609001,35.040199,3318.0
-93.221802,44.882,-73.80169678,42.74829865,797.0
-93.221802,44.882,-149.9960022,61.17440033,6001.0
-93.221802,44.882,-84.428101,33.6367,39186.0
-93.221802,44.882,-88.51909637,44.2580986,454.0
-93.221802,44.882,-97.66989899,30.19449997,2626.0
-93.221802,44.882,-85.55210114,42.23490143,1.0
-93.221802,44.882,-72.68319702,41.93889999,6001.0
-93.221802,44.882,-86.75350189,33.56290054,14.0
-93.221802,44.882,-108.5429993,45.80770111,4499.0
-93.221802,44.882,-100.7460022,46.77270126,2883.0
-93.221802,44.882,-86.67819977,36.12450027,847.0
-93.221802,44.882,-116.223,43.5644,3837.0
-93.221802,44.882,-71.00520325,42.36429977,16517.0
-93.221802,44.882,-78.73220062,42.94049835,1192.0
-93.221802,44.882,-76.668297,39.1754,9149.0
-93.221802,44.882,-111.1529999,45.77750015,5461.0
-93.221802,44.882,-91.71080017,41.88470078,1.0
-93.221802,44.882,-81.84980011,41.4117012,799.0
-93.221802,44.882,-80.94309998,35.2140007,6309.0
-93.221802,44.882,-82.891899,39.998001,2603.0
-93.221802,44.882,-84.6678009,39.04880142,686.0
-93.221802,44.882,-84.2193985,39.90240097,4.0
-93.221802,44.882,-77.037697,38.8521,16771.0
-93.221802,44.882,-104.6729965,39.86169815,18541.0
-93.221802,44.882,-97.038002,32.896801,3207.0
-93.221802,44.882,-92.19360352,46.84209824,632.0
-93.221802,44.882,-93.6631012,41.5340004,50.0
-93.221802,44.882,-83.35340118,42.21239853,26069.0
-93.221802,44.882,-106.9179993,39.64260101,124.0
-93.221802,44.882,-74.16870117,40.69250107,5051.0
-93.221802,44.882,-147.8560028,64.81510162,1269.0
-93.221802,44.882,-96.81580353,46.92070007,5821.0
-93.221802,44.882,-114.2559967,48.3105011,1611.0
-93.221802,44.882,-80.152702,26.072599,4288.0
-93.221802,44.882,-83.74359894,42.9654007,1.0
-93.221802,44.882,-96.74189758,43.58200073,3613.0
-93.221802,44.882,-117.5339966,47.61989975,7046.0
-93.221802,44.882,-97.176102,47.949299,234.0
-93.221802,44.882,-88.12960052,44.48509979,2433.0
-93.221802,44.882,-85.52279663,42.88079834,7083.0
-93.221802,44.882,-111.3710022,47.48199844,160.0
-93.221802,44.882,-107.2180023,40.48120117,111.0
-93.221802,44.882,-157.924228,21.32062,933.0
-93.221802,44.882,-97.65440369,26.22850037,128.0
-93.221802,44.882,-77.45580292,38.94449997,1457.0
-93.221802,44.882,-95.34140015,29.9843998,1073.0
-93.221802,44.882,-97.433098,37.649899,3.0
-93.221802,44.882,-86.294403,39.7173,6903.0
-93.221802,44.882,-110.737999,43.6072998,766.0
-93.221802,44.882,-81.68789673,30.49410057,606.0
-93.221802,44.882,-73.77890015,40.63980103,6674.0
-93.221802,44.882,-115.1520004,36.08010101,19602.0
-93.221802,44.882,-118.4079971,33.94250107,21140.0
-93.221802,44.882,-84.60590363,38.03649902,1.0
-93.221802,44.882,-73.87259674,40.77719879,20987.0
-93.221802,44.882,-94.713898,39.2976,11843.0
-93.221802,44.882,-81.30899811,28.42939949,13440.0
-93.221802,44.882,-87.752403,41.785999,700.0
-93.221802,44.882,-89.97669983,35.04240036,6003.0
-93.221802,44.882,-80.29060364,25.79319954,5082.0
-93.221802,44.882,-87.89659882,42.94720078,16067.0
-93.221802,44.882,-101.2799988,48.25939941,578.0
-93.221802,44.882,-89.33750153,43.13990021,7149.0
-93.221802,44.882,-114.0910034,46.91630173,2567.0
-93.221802,44.882,-90.25800323,29.99340057,2100.0
-93.221802,44.882,-97.60070038,35.39310074,89.0
-93.221802,44.882,-95.894096,41.3032,6182.0
-93.221802,44.882,-87.9048,41.9786,12968.0
-93.221802,44.882,-76.20120239,36.89459991,25.0
-93.221802,44.882,-80.09559631,26.68320084,133.0
-93.221802,44.882,-122.5979996,45.58869934,12457.0
-93.221802,44.882,-75.2410965,39.87189865,10302.0
-93.221802,44.882,-112.012001,33.43429947,17109.0
-93.221802,44.882,-80.23290253,40.49150085,3391.0
-93.221802,44.882,-119.1190033,46.26470184,87.0
-93.221802,44.882,-116.5070038,33.82970047,840.0
-93.221802,44.882,-71.420403,41.732601,69.0
-93.221802,44.882,-103.0569992,44.04529953,2062.0
-93.221802,44.882,-78.78749847,35.87760162,3042.0
-93.221802,44.882,-77.31970215,37.50519943,15.0
-93.221802,44.882,-119.7679977,39.49909973,419.0
-93.221802,44.882,-77.67240143,43.1189003,632.0
-93.221802,44.882,-81.75520325,26.53619957,7240.0
-93.221802,44.882,-117.1900024,32.73360062,10546.0
-93.221802,44.882,-98.46980286,29.53370094,1135.0
-93.221802,44.882,-86.31729889,41.70869827,21.0
-93.221802,44.882,-85.736,38.1744,68.0
-93.221802,44.882,-122.308998,47.449001,19166.0
-93.221802,44.882,-122.375,37.61899948,17157.0
-93.221802,44.882,-121.929001,37.362598,5184.0
-93.221802,44.882,-66.00180054,18.43939972,243.0
-93.221802,44.882,-111.9779968,40.78839874,17351.0
-93.221802,44.882,-121.5910034,38.69540024,5829.0
-93.221802,44.882,-117.8679962,33.67570114,8963.0
-93.221802,44.882,-90.370003,38.748697,10853.0
-93.221802,44.882,-96.384399,42.402599,2.0
-93.221802,44.882,-76.10630035,43.11119843,883.0
-93.221802,44.882,-82.53320313,27.97550011,8179.0
-93.221802,44.882,-95.88809967,36.19839859,5.0
-93.221802,44.882,-110.9410019,32.11610031,2159.0
-93.221802,44.882,-85.5821991,44.74140167,425.0
-93.221802,44.882,-83.9940033,35.81100082,1.0
-93.221802,44.882,-94.306801,36.281898,13.0
-90.25800323,29.99340057,-84.428101,33.6367,38322.0
-90.25800323,29.99340057,-84.6678009,39.04880142,1.0
-90.25800323,29.99340057,-83.35340118,42.21239853,5886.0
-90.25800323,29.99340057,-73.77890015,40.63980103,2404.0
-90.25800323,29.99340057,-118.4079971,33.94250107,7531.0
-90.25800323,29.99340057,-73.87259674,40.77719879,6742.0
-90.25800323,29.99340057,-89.97669983,35.04240036,1399.0
-90.25800323,29.99340057,-93.221802,44.882,2100.0
-90.25800323,29.99340057,-122.308998,47.449001,10.0
-90.25800323,29.99340057,-111.9779968,40.78839874,2006.0
-107.8939972,38.50979996,-84.428101,33.6367,326.0
-78.92829895,33.67969894,-84.428101,33.6367,7305.0
-78.92829895,33.67969894,-83.35340118,42.21239853,224.0
-78.92829895,33.67969894,-73.87259674,40.77719879,8.0
-77.61209869,34.82920074,-84.428101,33.6367,178.0
-122.221001,37.721298,-84.428101,33.6367,298.0
-122.221001,37.721298,-115.1520004,36.08010101,2.0
-122.221001,37.721298,-118.4079971,33.94250107,900.0
-122.221001,37.721298,-111.9779968,40.78839874,8563.0
-156.429993,20.8986,-118.4079971,33.94250107,6894.0
-156.429993,20.8986,-122.308998,47.449001,1577.0
-156.429993,20.8986,-111.9779968,40.78839874,405.0
-97.60070038,35.39310074,-84.428101,33.6367,10923.0
-97.60070038,35.39310074,-83.35340118,42.21239853,56.0
-97.60070038,35.39310074,-89.97669983,35.04240036,13.0
-97.60070038,35.39310074,-93.221802,44.882,90.0
-97.60070038,35.39310074,-111.9779968,40.78839874,3.0
-95.894096,41.3032,-84.428101,33.6367,10056.0
-95.894096,41.3032,-83.35340118,42.21239853,1012.0
-95.894096,41.3032,-118.4079971,33.94250107,1.0
-95.894096,41.3032,-73.87259674,40.77719879,9.0
-95.894096,41.3032,-89.97669983,35.04240036,2.0
-95.894096,41.3032,-93.221802,44.882,6198.0
-95.894096,41.3032,-111.9779968,40.78839874,522.0
-117.6009979,34.05599976,-84.428101,33.6367,1534.0
-117.6009979,34.05599976,-111.9779968,40.78839874,2072.0
-87.9048,41.9786,-84.428101,33.6367,33336.0
-87.9048,41.9786,-84.6678009,39.04880142,1.0
-87.9048,41.9786,-83.35340118,42.21239853,12230.0
-87.9048,41.9786,-73.77890015,40.63980103,44.0
-87.9048,41.9786,-73.87259674,40.77719879,827.0
-87.9048,41.9786,-89.97669983,35.04240036,529.0
-87.9048,41.9786,-93.221802,44.882,13282.0
-87.9048,41.9786,-122.308998,47.449001,1427.0
-87.9048,41.9786,-111.9779968,40.78839874,2983.0
-76.20120239,36.89459991,-84.428101,33.6367,24494.0
-76.20120239,36.89459991,-83.35340118,42.21239853,556.0
-76.20120239,36.89459991,-73.77890015,40.63980103,1.0
-76.20120239,36.89459991,-73.87259674,40.77719879,1.0
-76.20120239,36.89459991,-93.221802,44.882,25.0
-76.20120239,36.89459991,-111.9779968,40.78839874,1.0
-80.09559631,26.68320084,-84.428101,33.6367,34853.0
-80.09559631,26.68320084,-72.68319702,41.93889999,559.0
-80.09559631,26.68320084,-71.00520325,42.36429977,729.0
-80.09559631,26.68320084,-83.35340118,42.21239853,3903.0
-80.09559631,26.68320084,-73.77890015,40.63980103,1069.0
-80.09559631,26.68320084,-73.87259674,40.77719879,14256.0
-80.09559631,26.68320084,-89.97669983,35.04240036,92.0
-80.09559631,26.68320084,-93.221802,44.882,132.0
-122.5979996,45.58869934,-149.9960022,61.17440033,60.0
-122.5979996,45.58869934,-84.428101,33.6367,11555.0
-122.5979996,45.58869934,-83.35340118,42.21239853,2379.0
-122.5979996,45.58869934,-157.924228,21.32062,270.0
-122.5979996,45.58869934,-73.77890015,40.63980103,5022.0
-122.5979996,45.58869934,-115.1520004,36.08010101,6.0
-122.5979996,45.58869934,-118.4079971,33.94250107,4823.0
-122.5979996,45.58869934,-93.221802,44.882,12434.0
-122.5979996,45.58869934,-122.308998,47.449001,1145.0
-122.5979996,45.58869934,-111.9779968,40.78839874,16275.0
-76.49299622,37.13190079,-84.428101,33.6367,3358.0
-75.2410965,39.87189865,-84.428101,33.6367,35748.0
-75.2410965,39.87189865,-84.6678009,39.04880142,2.0
-75.2410965,39.87189865,-83.35340118,42.21239853,12932.0
-75.2410965,39.87189865,-73.77890015,40.63980103,362.0
-75.2410965,39.87189865,-118.4079971,33.94250107,170.0
-75.2410965,39.87189865,-73.87259674,40.77719879,1.0
-75.2410965,39.87189865,-89.97669983,35.04240036,21.0
-75.2410965,39.87189865,-93.221802,44.882,10262.0
-75.2410965,39.87189865,-111.9779968,40.78839874,4185.0
-112.012001,33.43429947,-84.428101,33.6367,20357.0
-112.012001,33.43429947,-84.6678009,39.04880142,1499.0
-112.012001,33.43429947,-83.35340118,42.21239853,11793.0
-112.012001,33.43429947,-73.77890015,40.63980103,6177.0
-112.012001,33.43429947,-118.4079971,33.94250107,808.0
-112.012001,33.43429947,-89.97669983,35.04240036,1218.0
-112.012001,33.43429947,-93.221802,44.882,17078.0
-112.012001,33.43429947,-122.308998,47.449001,951.0
-112.012001,33.43429947,-111.9779968,40.78839874,11609.0
-80.23290253,40.49150085,-84.428101,33.6367,25264.0
-80.23290253,40.49150085,-71.00520325,42.36429977,1.0
-80.23290253,40.49150085,-84.6678009,39.04880142,26.0
-80.23290253,40.49150085,-83.35340118,42.21239853,3455.0
-80.23290253,40.49150085,-73.77890015,40.63980103,420.0
-80.23290253,40.49150085,-73.87259674,40.77719879,250.0
-80.23290253,40.49150085,-81.30899811,28.42939949,7.0
-80.23290253,40.49150085,-89.97669983,35.04240036,7.0
-80.23290253,40.49150085,-93.221802,44.882,3593.0
-80.23290253,40.49150085,-111.9779968,40.78839874,157.0
-87.1866,30.4734,-84.428101,33.6367,24732.0
-119.1190033,46.26470184,-93.221802,44.882,85.0
-119.1190033,46.26470184,-111.9779968,40.78839874,1009.0
-116.5070038,33.82970047,-84.428101,33.6367,15.0
-116.5070038,33.82970047,-93.221802,44.882,838.0
-116.5070038,33.82970047,-122.308998,47.449001,94.0
-71.420403,41.732601,-84.428101,33.6367,8532.0
-71.420403,41.732601,-83.35340118,42.21239853,3396.0
-71.420403,41.732601,-93.221802,44.882,68.0
-70.309303,43.646198,-84.428101,33.6367,6168.0
-70.309303,43.646198,-83.35340118,42.21239853,286.0
-70.309303,43.646198,-73.77890015,40.63980103,1.0
-70.309303,43.646198,-73.87259674,40.77719879,519.0
-103.0569992,44.04529953,-93.221802,44.882,2067.0
-103.0569992,44.04529953,-111.9779968,40.78839874,2.0
-78.78749847,35.87760162,-84.428101,33.6367,39799.0
-78.78749847,35.87760162,-72.68319702,41.93889999,1.0
-78.78749847,35.87760162,-86.67819977,36.12450027,1.0
-78.78749847,35.87760162,-71.00520325,42.36429977,576.0
-78.78749847,35.87760162,-84.6678009,39.04880142,2.0
-78.78749847,35.87760162,-83.35340118,42.21239853,6614.0
-78.78749847,35.87760162,-80.152702,26.072599,1.0
-78.78749847,35.87760162,-86.294403,39.7173,1.0
-78.78749847,35.87760162,-73.77890015,40.63980103,217.0
-78.78749847,35.87760162,-115.1520004,36.08010101,88.0
-78.78749847,35.87760162,-118.4079971,33.94250107,2920.0
-78.78749847,35.87760162,-73.87259674,40.77719879,175.0
-78.78749847,35.87760162,-81.30899811,28.42939949,1392.0
-78.78749847,35.87760162,-89.97669983,35.04240036,1.0
-78.78749847,35.87760162,-89.33750153,43.13990021,1.0
-78.78749847,35.87760162,-93.221802,44.882,3066.0
-78.78749847,35.87760162,-122.308998,47.449001,542.0
-78.78749847,35.87760162,-111.9779968,40.78839874,1395.0
-78.78749847,35.87760162,-82.53320313,27.97550011,145.0
-77.31970215,37.50519943,-84.428101,33.6367,27197.0
-77.31970215,37.50519943,-84.6678009,39.04880142,1.0
-77.31970215,37.50519943,-83.35340118,42.21239853,10.0
-77.31970215,37.50519943,-73.77890015,40.63980103,1.0
-77.31970215,37.50519943,-93.221802,44.882,18.0
-119.7679977,39.49909973,-84.428101,33.6367,74.0
-119.7679977,39.49909973,-93.221802,44.882,416.0
-119.7679977,39.49909973,-111.9779968,40.78839874,7762.0
-79.975403,37.3255,-84.428101,33.6367,2374.0
-77.67240143,43.1189003,-84.428101,33.6367,9660.0
-77.67240143,43.1189003,-83.35340118,42.21239853,542.0
-77.67240143,43.1189003,-73.77890015,40.63980103,1.0
-77.67240143,43.1189003,-73.87259674,40.77719879,4.0
-77.67240143,43.1189003,-93.221802,44.882,631.0
-81.75520325,26.53619957,-84.428101,33.6367,28535.0
-81.75520325,26.53619957,-72.68319702,41.93889999,316.0
-81.75520325,26.53619957,-71.00520325,42.36429977,398.0
-81.75520325,26.53619957,-84.6678009,39.04880142,3459.0
-81.75520325,26.53619957,-83.35340118,42.21239853,10380.0
-81.75520325,26.53619957,-86.294403,39.7173,17.0
-81.75520325,26.53619957,-73.77890015,40.63980103,521.0
-81.75520325,26.53619957,-73.87259674,40.77719879,4029.0
-81.75520325,26.53619957,-89.97669983,35.04240036,53.0
-81.75520325,26.53619957,-93.221802,44.882,7221.0
-117.1900024,32.73360062,-84.428101,33.6367,19025.0
-117.1900024,32.73360062,-71.00520325,42.36429977,1.0
-117.1900024,32.73360062,-84.6678009,39.04880142,1035.0
-117.1900024,32.73360062,-83.35340118,42.21239853,6916.0
-117.1900024,32.73360062,-157.924228,21.32062,44.0
-117.1900024,32.73360062,-73.77890015,40.63980103,7287.0
-117.1900024,32.73360062,-115.1520004,36.08010101,1.0
-117.1900024,32.73360062,-118.4079971,33.94250107,665.0
-117.1900024,32.73360062,-89.97669983,35.04240036,92.0
-117.1900024,32.73360062,-93.221802,44.882,10531.0
-117.1900024,32.73360062,-122.308998,47.449001,1323.0
-117.1900024,32.73360062,-111.9779968,40.78839874,15968.0
-98.46980286,29.53370094,-84.428101,33.6367,24186.0
-98.46980286,29.53370094,-83.35340118,42.21239853,1625.0
-98.46980286,29.53370094,-73.77890015,40.63980103,2675.0
-98.46980286,29.53370094,-118.4079971,33.94250107,5.0
-98.46980286,29.53370094,-89.97669983,35.04240036,56.0
-98.46980286,29.53370094,-93.221802,44.882,1113.0
-98.46980286,29.53370094,-111.9779968,40.78839874,2116.0
-81.20210266,32.12760162,-84.428101,33.6367,30789.0
-81.20210266,32.12760162,-83.35340118,42.21239853,15.0
-81.20210266,32.12760162,-73.77890015,40.63980103,79.0
-81.20210266,32.12760162,-73.87259674,40.77719879,3.0
-86.31729889,41.70869827,-84.428101,33.6367,45.0
-86.31729889,41.70869827,-83.35340118,42.21239853,82.0
-86.31729889,41.70869827,-73.87259674,40.77719879,6.0
-86.31729889,41.70869827,-93.221802,44.882,20.0
-85.736,38.1744,-84.428101,33.6367,20245.0
-85.736,38.1744,-71.00520325,42.36429977,2.0
-85.736,38.1744,-84.6678009,39.04880142,4.0
-85.736,38.1744,-83.35340118,42.21239853,64.0
-85.736,38.1744,-73.87259674,40.77719879,10.0
-85.736,38.1744,-93.221802,44.882,70.0
-122.308998,47.449001,-149.9960022,61.17440033,6108.0
-122.308998,47.449001,-84.428101,33.6367,21817.0
-122.308998,47.449001,-97.66989899,30.19449997,600.0
-122.308998,47.449001,-86.67819977,36.12450027,527.0
-122.308998,47.449001,-71.00520325,42.36429977,1340.0
-122.308998,47.449001,-111.1529999,45.77750015,13.0
-122.308998,47.449001,-84.6678009,39.04880142,2512.0
-122.308998,47.449001,-104.6729965,39.86169815,1994.0
-122.308998,47.449001,-83.35340118,42.21239853,13475.0
-122.308998,47.449001,-147.8560028,64.81510162,1142.0
-122.308998,47.449001,-80.152702,26.072599,55.0
-122.308998,47.449001,-117.5339966,47.61989975,334.0
-122.308998,47.449001,-157.924228,21.32062,4296.0
-122.308998,47.449001,-77.45580292,38.94449997,185.0
-122.308998,47.449001,-86.294403,39.7173,180.0
-122.308998,47.449001,-73.77890015,40.63980103,12135.0
-122.308998,47.449001,-134.576004,58.35499954,654.0
-122.308998,47.449001,-156.045603,19.738783,932.0
-122.308998,47.449001,-115.1520004,36.08010101,4704.0
-122.308998,47.449001,-118.4079971,33.94250107,11457.0
-122.308998,47.449001,-159.3390045,21.97599983,303.0
-122.308998,47.449001,-81.30899811,28.42939949,912.0
-122.308998,47.449001,-89.97669983,35.04240036,797.0
-122.308998,47.449001,-87.89659882,42.94720078,117.0
-122.308998,47.449001,-89.33750153,43.13990021,1.0
-122.308998,47.449001,-93.221802,44.882,19151.0
-122.308998,47.449001,-90.25800323,29.99340057,10.0
-122.308998,47.449001,-156.429993,20.8986,1577.0
-122.308998,47.449001,-87.9048,41.9786,1423.0
-122.308998,47.449001,-122.5979996,45.58869934,1148.0
-122.308998,47.449001,-112.012001,33.43429947,947.0
-122.308998,47.449001,-116.5070038,33.82970047,94.0
-122.308998,47.449001,-78.78749847,35.87760162,546.0
-122.308998,47.449001,-117.1900024,32.73360062,1319.0
-122.308998,47.449001,-122.375,37.61899948,2472.0
-122.308998,47.449001,-121.929001,37.362598,24.0
-122.308998,47.449001,-111.9779968,40.78839874,20467.0
-122.308998,47.449001,-121.5910034,38.69540024,11.0
-122.308998,47.449001,-110.9410019,32.11610031,48.0
-122.375,37.61899948,-84.428101,33.6367,23310.0
-122.375,37.61899948,-71.00520325,42.36429977,827.0
-122.375,37.61899948,-84.6678009,39.04880142,3831.0
-122.375,37.61899948,-83.35340118,42.21239853,12446.0
-122.375,37.61899948,-157.924228,21.32062,1500.0
-122.375,37.61899948,-73.77890015,40.63980103,20270.0
-122.375,37.61899948,-118.4079971,33.94250107,9549.0
-122.375,37.61899948,-89.97669983,35.04240036,260.0
-122.375,37.61899948,-93.221802,44.882,17104.0
-122.375,37.61899948,-122.308998,47.449001,2474.0
-122.375,37.61899948,-111.9779968,40.78839874,6845.0
-93.38860321,37.24570084,-84.428101,33.6367,1102.0
-93.8256,32.446602,-84.428101,33.6367,815.0
-121.929001,37.362598,-84.428101,33.6367,4596.0
-121.929001,37.362598,-83.35340118,42.21239853,38.0
-121.929001,37.362598,-73.77890015,40.63980103,205.0
-121.929001,37.362598,-115.1520004,36.08010101,48.0
-121.929001,37.362598,-118.4079971,33.94250107,2784.0
-121.929001,37.362598,-93.221802,44.882,5170.0
-121.929001,37.362598,-122.308998,47.449001,26.0
-121.929001,37.362598,-111.9779968,40.78839874,5626.0
-66.00180054,18.43939972,-84.428101,33.6367,14741.0
-66.00180054,18.43939972,-83.35340118,42.21239853,242.0
-66.00180054,18.43939972,-73.77890015,40.63980103,10810.0
-66.00180054,18.43939972,-89.97669983,35.04240036,28.0
-66.00180054,18.43939972,-93.221802,44.882,240.0
-111.9779968,40.78839874,-106.609001,35.040199,1241.0
-111.9779968,40.78839874,-149.9960022,61.17440033,2610.0
-111.9779968,40.78839874,-84.428101,33.6367,27646.0
-111.9779968,40.78839874,-97.66989899,30.19449997,2478.0
-111.9779968,40.78839874,-72.68319702,41.93889999,1.0
-111.9779968,40.78839874,-108.5429993,45.80770111,1776.0
-111.9779968,40.78839874,-86.67819977,36.12450027,1167.0
-111.9779968,40.78839874,-116.223,43.5644,6856.0
-111.9779968,40.78839874,-71.00520325,42.36429977,6395.0
-111.9779968,40.78839874,-76.668297,39.1754,6248.0
-111.9779968,40.78839874,-111.1529999,45.77750015,1792.0
-111.9779968,40.78839874,-80.04049683,32.89860153,1.0
-111.9779968,40.78839874,-81.84980011,41.4117012,224.0
-111.9779968,40.78839874,-80.94309998,35.2140007,2416.0
-111.9779968,40.78839874,-82.891899,39.998001,2.0
-111.9779968,40.78839874,-84.6678009,39.04880142,7314.0
-111.9779968,40.78839874,-77.037697,38.8521,5132.0
-111.9779968,40.78839874,-104.6729965,39.86169815,6045.0
-111.9779968,40.78839874,-97.038002,32.896801,5765.0
-111.9779968,40.78839874,-83.35340118,42.21239853,13891.0
-111.9779968,40.78839874,-74.16870117,40.69250107,4492.0
-111.9779968,40.78839874,-147.8560028,64.81510162,53.0
-111.9779968,40.78839874,-96.81580353,46.92070007,3.0
-111.9779968,40.78839874,-114.2559967,48.3105011,575.0
-111.9779968,40.78839874,-80.152702,26.072599,714.0
-111.9779968,40.78839874,-117.5339966,47.61989975,7470.0
-111.9779968,40.78839874,-157.924228,21.32062,3567.0
-111.9779968,40.78839874,-77.45580292,38.94449997,1709.0
-111.9779968,40.78839874,-95.34140015,29.9843998,1777.0
-111.9779968,40.78839874,-86.294403,39.7173,2231.0
-111.9779968,40.78839874,-110.737999,43.6072998,5238.0
-111.9779968,40.78839874,-73.77890015,40.63980103,15665.0
-111.9779968,40.78839874,-115.1520004,36.08010101,18714.0
-111.9779968,40.78839874,-118.4079971,33.94250107,21679.0
-111.9779968,40.78839874,-73.87259674,40.77719879,20.0
-111.9779968,40.78839874,-118.1520004,33.81769943,507.0
-111.9779968,40.78839874,-94.713898,39.2976,3158.0
-111.9779968,40.78839874,-81.30899811,28.42939949,8123.0
-111.9779968,40.78839874,-87.752403,41.785999,88.0
-111.9779968,40.78839874,-89.97669983,35.04240036,1621.0
-111.9779968,40.78839874,-80.29060364,25.79319954,214.0
-111.9779968,40.78839874,-87.89659882,42.94720078,69.0
-111.9779968,40.78839874,-89.33750153,43.13990021,11.0
-111.9779968,40.78839874,-114.0910034,46.91630173,971.0
-111.9779968,40.78839874,-93.221802,44.882,17318.0
-111.9779968,40.78839874,-90.25800323,29.99340057,2009.0
-111.9779968,40.78839874,-122.221001,37.721298,8572.0
-111.9779968,40.78839874,-156.429993,20.8986,406.0
-111.9779968,40.78839874,-97.60070038,35.39310074,4.0
-111.9779968,40.78839874,-95.894096,41.3032,515.0
-111.9779968,40.78839874,-117.6009979,34.05599976,2075.0
-111.9779968,40.78839874,-87.9048,41.9786,2979.0
-111.9779968,40.78839874,-76.20120239,36.89459991,1.0
-111.9779968,40.78839874,-122.5979996,45.58869934,16282.0
-111.9779968,40.78839874,-75.2410965,39.87189865,4190.0
-111.9779968,40.78839874,-112.012001,33.43429947,11610.0
-111.9779968,40.78839874,-80.23290253,40.49150085,157.0
-111.9779968,40.78839874,-119.1190033,46.26470184,1004.0
-111.9779968,40.78839874,-103.0569992,44.04529953,3.0
-111.9779968,40.78839874,-78.78749847,35.87760162,1395.0
-111.9779968,40.78839874,-119.7679977,39.49909973,7756.0
-111.9779968,40.78839874,-117.1900024,32.73360062,15953.0
-111.9779968,40.78839874,-98.46980286,29.53370094,2121.0
-111.9779968,40.78839874,-122.308998,47.449001,20474.0
-111.9779968,40.78839874,-122.375,37.61899948,6853.0
-111.9779968,40.78839874,-121.929001,37.362598,5632.0
-111.9779968,40.78839874,-121.5910034,38.69540024,7259.0
-111.9779968,40.78839874,-117.8679962,33.67570114,11198.0
-111.9779968,40.78839874,-90.370003,38.748697,3253.0
-111.9779968,40.78839874,-76.10630035,43.11119843,1.0
-111.9779968,40.78839874,-82.53320313,27.97550011,573.0
-121.5910034,38.69540024,-84.428101,33.6367,6810.0
-121.5910034,38.69540024,-83.35340118,42.21239853,145.0
-121.5910034,38.69540024,-118.4079971,33.94250107,692.0
-121.5910034,38.69540024,-93.221802,44.882,5813.0
-121.5910034,38.69540024,-122.308998,47.449001,11.0
-121.5910034,38.69540024,-111.9779968,40.78839874,7253.0
-117.8679962,33.67570114,-84.428101,33.6367,12658.0
-117.8679962,33.67570114,-84.6678009,39.04880142,85.0
-117.8679962,33.67570114,-83.35340118,42.21239853,565.0
-117.8679962,33.67570114,-73.77890015,40.63980103,159.0
-117.8679962,33.67570114,-115.1520004,36.08010101,142.0
-117.8679962,33.67570114,-93.221802,44.882,8951.0
-117.8679962,33.67570114,-111.9779968,40.78839874,11205.0
-82.55439758,27.39539909,-84.428101,33.6367,20284.0
-82.55439758,27.39539909,-71.00520325,42.36429977,11.0
-82.55439758,27.39539909,-83.35340118,42.21239853,650.0
-82.55439758,27.39539909,-73.87259674,40.77719879,953.0
-90.370003,38.748697,-84.428101,33.6367,25208.0
-90.370003,38.748697,-83.35340118,42.21239853,6735.0
-90.370003,38.748697,-73.87259674,40.77719879,6.0
-90.370003,38.748697,-89.97669983,35.04240036,84.0
-90.370003,38.748697,-93.221802,44.882,10415.0
-90.370003,38.748697,-111.9779968,40.78839874,3265.0
-64.9733963,18.33729935,-84.428101,33.6367,5981.0
-64.9733963,18.33729935,-71.00520325,42.36429977,28.0
-64.9733963,18.33729935,-73.77890015,40.63980103,1630.0
-64.79859924,17.70190048,-84.428101,33.6367,420.0
-96.384399,42.402599,-93.221802,44.882,2.0
-76.10630035,43.11119843,-84.428101,33.6367,6920.0
-76.10630035,43.11119843,-83.35340118,42.21239853,652.0
-76.10630035,43.11119843,-73.77890015,40.63980103,5.0
-76.10630035,43.11119843,-73.87259674,40.77719879,3.0
-76.10630035,43.11119843,-93.221802,44.882,885.0
-76.10630035,43.11119843,-111.9779968,40.78839874,1.0
-84.35030365,30.39649963,-84.428101,33.6367,9694.0
-82.53320313,27.97550011,-84.428101,33.6367,45647.0
-82.53320313,27.97550011,-72.68319702,41.93889999,539.0
-82.53320313,27.97550011,-71.00520325,42.36429977,1972.0
-82.53320313,27.97550011,-84.6678009,39.04880142,4233.0
-82.53320313,27.97550011,-77.037697,38.8521,285.0
-82.53320313,27.97550011,-83.35340118,42.21239853,15046.0
-82.53320313,27.97550011,-73.77890015,40.63980103,8322.0
-82.53320313,27.97550011,-118.4079971,33.94250107,3562.0
-82.53320313,27.97550011,-73.87259674,40.77719879,12914.0
-82.53320313,27.97550011,-89.97669983,35.04240036,2090.0
-82.53320313,27.97550011,-93.221802,44.882,8192.0
-82.53320313,27.97550011,-78.78749847,35.87760162,145.0
-82.53320313,27.97550011,-111.9779968,40.78839874,572.0
-82.407401,36.475201,-84.428101,33.6367,2717.0
-95.88809967,36.19839859,-84.428101,33.6367,5857.0
-95.88809967,36.19839859,-83.35340118,42.21239853,10.0
-95.88809967,36.19839859,-93.221802,44.882,4.0
-110.9410019,32.11610031,-84.428101,33.6367,6890.0
-110.9410019,32.11610031,-93.221802,44.882,2155.0
-110.9410019,32.11610031,-122.308998,47.449001,48.0
-110.9410019,32.11610031,-111.9779968,40.78839874,2.0
-85.5821991,44.74140167,-84.428101,33.6367,13.0
-85.5821991,44.74140167,-83.35340118,42.21239853,1801.0
-85.5821991,44.74140167,-93.221802,44.882,424.0
-83.9940033,35.81100082,-84.428101,33.6367,7126.0
-83.9940033,35.81100082,-83.35340118,42.21239853,4.0
-83.9940033,35.81100082,-73.87259674,40.77719879,1.0
-83.9940033,35.81100082,-93.221802,44.882,1.0
-86.525398,30.4832,-84.428101,33.6367,11340.0
-94.306801,36.281898,-84.428101,33.6367,2705.0
-94.306801,36.281898,-84.6678009,39.04880142,2.0
-94.306801,36.281898,-83.35340118,42.21239853,2.0
-94.306801,36.281898,-93.221802,44.882,11.0
